uid,video_id,question,gt,answer,rationale,video_path
Lecture1_q1,Lecture1,Which lecture of ITI 1121 is announced at the very beginning?,The second lecture,second,"The text explicitly states at the beginning, 'welcome to our second lecture of ITI 1121.'",Lecture_Video/Lecture1.mp4
Lecture1_q2,Lecture1,What platform does the instructor expect students to monitor?,Piazza,Piazza,"The instructor explicitly mentions expecting students to monitor Piazza, as indicated in the frame descriptions where the instructor reminds students to read important posts about the labs on Piazza.",Lecture_Video/Lecture1.mp4
Lecture1_q3,Lecture1,Which assignment has already been posted?,Assignment one,Assignment 1,"The video frame descriptions mention that 'Assignment 1 has also been posted already,' indicating that this is the assignment that has been made available.",Lecture_Video/Lecture1.mp4
Lecture1_q4,Lecture1,What programming language will they start hands-on with today?,Java,Java,"Throughout the discussion, the instructor frequently references Java-specific concepts, syntax, and features, indicating that the hands-on session will involve programming in Java.",Lecture_Video/Lecture1.mp4
Lecture1_q5,Lecture1,Structured programming is also known as what?,Procedural programming,procedural programming,"Structured programming is also referred to as procedural programming, as indicated in the provided text.",Lecture_Video/Lecture1.mp4
Lecture1_q6,Lecture1,What do we call routines in Java?,Methods,methods,"In Java, routines are referred to as methods. This terminology is consistent with Java's object-oriented nature, where functions associated with objects are called methods.",Lecture_Video/Lecture1.mp4
Lecture1_q7,Lecture1,What does the instructor want interfaces to hide?,Internal details,Details of object interactions and internal states.,The instructor emphasizes that interfaces in Java are used to interact with objects without needing to know the intricate details about how the objects are implemented internally. This abstraction allows for simpler interactions between different parts of a program.,Lecture_Video/Lecture1.mp4
Lecture1_q8,Lecture1,Which general class abstracts both Student and Professor?,Person,Person,"Both 'Student' and 'Professor' are specialized versions of the general class 'Person', as indicated by the description of their relationship in the lecture.",Lecture_Video/Lecture1.mp4
Lecture1_q9,Lecture1,Does Java allow multiple inheritance of classes?,No,No,"Java does not allow multiple inheritance of classes to avoid complexity and ambiguity issues that can arise from it, such as the diamond problem. Instead, Java supports multiple inheritance of interfaces, allowing a class to implement more than one interface.",Lecture_Video/Lecture1.mp4
Lecture1_q10,Lecture1,What major typing property of Java is highlighted?,Strongly typed,Strong typing,"Java is described as a strongly typed language, meaning variables must be declared with a specific type before they are used, and type checks are enforced at compile time.",Lecture_Video/Lecture1.mp4
Lecture1_q11,Lecture1,In the Students class diagram what two sections are shown?,Attributes and methods,Attributes and Methods,"In the class diagram for 'Students', typically two main sections are shown: one for attributes (fields or properties of the class) and another for methods (functions or procedures associated with the class).",Lecture_Video/Lecture1.mp4
Lecture1_q12,Lecture1,What color are the cross link arrows between Student and Professor?,Red,No specific color is mentioned for the cross link arrows between Student and Professor in the provided text.,The text does not include any descriptions or mentions of visual elements such as colors for the cross link arrows between Student and Professor.,Lecture_Video/Lecture1.mp4
Lecture1_q13,Lecture1,Which side of the slide contains the Student class box?,Left,The textual descriptions do not specify the exact side of the slide where the Student class box is located.,"The provided text does not contain visual or spatial details about the placement of the Student class box within a slide, making it impossible to determine its location from the given information.",Lecture_Video/Lecture1.mp4
Lecture1_q14,Lecture1,How many cross link arrows are drawn between the two class boxes?,11,0,"The provided text does not mention any cross link arrows being drawn between the two class boxes, indicating that there are none.",Lecture_Video/Lecture1.mp4
Lecture1_q15,Lecture1,Which class shows the misspelled method getEmployeID()?,Professor,None,The provided text does not contain any mention of a class with the misspelled method getEmployeID().,Lecture_Video/Lecture1.mp4
Lecture1_q16,Lecture1,In the TA inheritance diagram what is the top general class?,Person,Person,"In the TA inheritance diagram, the top general class is 'Person' as it is the superclass from which 'Student', 'Professor', and other roles like 'Staff' derive, indicating that it is the most general class in the hierarchy.",Lecture_Video/Lecture1.mp4
Lecture1_q17,Lecture1,In that TA diagram how many nodes are present?,4,0,"The provided text does not contain any explicit mention or description of a TA diagram or nodes within such a diagram, hence there are no nodes present.",Lecture_Video/Lecture1.mp4
Lecture1_q18,Lecture1,In that TA diagram how many inheritance edges?,4,0,"The provided text does not contain any specific information about a TA diagram or inheritance edges, thus it is not possible to determine the number of inheritance edges from the given descriptions.",Lecture_Video/Lecture1.mp4
Lecture1_q19,Lecture1,What UML symbol indicates generalization?,Hollow triangular arrowhead,Hollow triangle,"In UML, generalization is indicated by a hollow triangle pointing to the more abstract concept, as described in the lecture.",Lecture_Video/Lecture1.mp4
Lecture1_q20,Lecture1,What aggregation link is shown in the e commerce diagram?,Inventory _Ñ Item,No specific aggregation link is described in the provided text.,The provided text does not mention or describe any e-commerce diagram or an aggregation link within such a diagram. The text primarily focuses on Java programming concepts and examples.,Lecture_Video/Lecture1.mp4
Lecture1_q21,Lecture1,What multiplicity appears on the ShoppingCartÐItem connector?,0..*,Not specified,The provided text does not contain any specific information about the multiplicity on the ShoppingCartÐItem connector.,Lecture_Video/Lecture1.mp4
Lecture1_q22,Lecture1,What multiplicity appears on the CustomerÐAddress connector?,1..*,Not specified,The provided text does not contain any specific information about the multiplicity on the CustomerÐAddress connector.,Lecture_Video/Lecture1.mp4
Lecture1_q23,Lecture1,What operation name appears in PaymentProcessing?,processPayment(...): boolean,No operation name appears in PaymentProcessing.,The provided text does not contain any specific mention or details about an operation name in PaymentProcessing.,Lecture_Video/Lecture1.mp4
Lecture1_q24,Lecture1,In the data types table what two categories are distinguished?,Primitive and reference,Primitive and Reference,"In the data types table, the two categories distinguished are 'Primitive' and 'Reference'. This classification is based on how Java handles data types, where primitive types include basic data types like int, char, and boolean, and reference types include objects and arrays that refer to memory locations.",Lecture_Video/Lecture1.mp4
Lecture1_q25,Lecture1,In the array memory diagram what default element value is shown?,0,0,"In Java, when an array of integers is created and not explicitly initialized, each element is automatically set to the default value of 0.",Lecture_Video/Lecture1.mp4
Lecture1_q26,Lecture1,What is the course code on the introduction slide?,ITI 1121,ITI 1121,The course code is mentioned at the beginning of the lecture as 'ITI 1121' during the introduction.,Lecture_Video/Lecture1.mp4
Lecture1_q27,Lecture1,Name the primary author on the slides.,Mehrdad (Mike) Sabetzadeh,Not available,The provided text does not mention or indicate the name of the primary author on the slides.,Lecture_Video/Lecture1.mp4
Lecture1_q28,Lecture1,Name one contributor besides the author.,G. V. Jourdan,No contributors besides the author are mentioned.,"The text provided consists of a lecture or presentation script, and there is no mention of any contributors besides the author who is delivering the lecture.",Lecture_Video/Lecture1.mp4
Lecture1_q29,Lecture1,Name another listed contributor.,M. Turcotte,No other contributor is listed.,"The text provided does not mention any specific individuals or contributors other than the speaker, who is conducting a lecture or presentation.",Lecture_Video/Lecture1.mp4
Lecture1_q30,Lecture1,Give the version date on the intro slide.,January 15 2022,Not available,The provided text descriptions do not include any specific information about the version date on the intro slide.,Lecture_Video/Lecture1.mp4
Lecture1_q31,Lecture1,What is the title of the slide introducing variables?,Variables,Variables,"The title of the slide introducing variables is 'Variables', as inferred from the context and content of the lecture descriptions.",Lecture_Video/Lecture1.mp4
Lecture1_q32,Lecture1,What guiding question appears under that title?,What is a variable?,No guiding question appears under the title.,"The provided text does not contain any explicit guiding questions under a title. It consists of a detailed lecture transcript discussing Java programming concepts, without specific guiding questions highlighted under a title.",Lecture_Video/Lecture1.mp4
Lecture1_q33,Lecture1,Name one outline topic shown on the lecture header.,Primitive vs reference types,Java Programming,"The lecture discusses various aspects of Java programming, including object instantiation, reference and primitive variables, and memory management, which are all core topics in Java programming courses.",Lecture_Video/Lecture1.mp4
Lecture1_q34,Lecture1,What is the filename of the Java class in the live coding demo?,Constant.java,Constant.java,"The filename for the Java class in the live coding demo is derived from the class name 'Constant' mentioned in the descriptions, following Java's convention of naming files after the class they contain.",Lecture_Video/Lecture1.mp4
Lecture1_q35,Lecture1,Which two fields are declared in that class?,name and value,"name, value","The class 'Constant' declares two fields: 'name' of type String and 'value' of type double. These fields are initialized in the constructor of the class, as indicated by the parameters and assignments within the constructor.",Lecture_Video/Lecture1.mp4
Lecture1_q36,Lecture1,What method is used to print output in the code?,System.out.println,System.out.println,"Throughout the code examples and discussions, the method used to print output to the console is 'System.out.println'. This method is commonly used in Java to output text to the console.",Lecture_Video/Lecture1.mp4
Lecture1_q37,Lecture1,What string name is used when constructing the Constant?,golden ratio,golden ratio,"The string name used when constructing the Constant is 'golden ratio', as indicated in the code snippet where the Constant object 'c' is instantiated with the name 'golden ratio'.",Lecture_Video/Lecture1.mp4
Lecture1_q38,Lecture1,What slide number is shown on the Variables slide?,3,Frame 1324,"The frame where the discussion about variables begins is frame 1324, as indicated by the mention of 'two types of variables' and the detailed explanation that follows.",Lecture_Video/Lecture1.mp4
Lecture1_q39,Lecture1,What filename label appears in the PDF viewer during the lecture?,Lecture-2C,No filename label is mentioned in the descriptions provided.,"The descriptions focus on the lecture content and interactions, without mentioning any specific filename label visible in a PDF viewer during the lecture.",Lecture_Video/Lecture1.mp4
Lecture1_q40,Lecture1,What is the title of the slide that sketches the shop system?,E-Commerce Web Site,Shop System Sketch,"The textual descriptions provided do not specify the title of the slide that sketches the shop system directly. Therefore, based on the available information, a generic title 'Shop System Sketch' is assumed.",Lecture_Video/Lecture1.mp4
