question,prediction(model's answer),ground_truth(correct answer),Expert_Annotation1,Expert_Annotation 2,Final_Decision
Which other modeling notation besides activity diagrams does the lecturer say is used to specify system behavior,Sequence diagrams,State machines,0,0,0
What are the two broad categories of UML diagrams mentioned in the lecture,Behavioral and Structural diagrams,Structural and behavioral,1,1,1
In structural models what do we mainly capture according to the lecture,"Requirements, analysis, domain modeling, and domain analysis.",Static entities and their relationships,0,0,0
What key aspects do behavioral models focus on according to the lecture,"Behavioral models focus on specifying the behavior of the system, including use case scenarios, main sequences, branches, actors, data, and communication types.",Behavior and concurrency over time,1,1,1
Which kind of communication is described as reliable but makes the sender wait synchronous or asynchronous,synchronous,Synchronous communication,1,1,1
Which kind of communication continues without waiting synchronous or asynchronous,Asynchronous,Asynchronous communication,1,1,1
What object is produced and then used when sending an invoice in the example flow,The data object.,Invoice used by Make Payment,0,0,0
After shipping the order which two activities proceed in parallel in the order process example,The video descriptions do not provide information about shipping orders or parallel activities in the order process example.,Receive order and Bill customer,0,0,0
What does a join bar require before its single outflow can execute,A join bar requires all incoming flows to complete before its single outflow can execute.,All inflows must arrive,1,1,1
What does a flow final node terminate according to the slides,The flow final node terminates a specific flow in the activity diagram.,A single flow,1,1,1
On the REVIEW OF UML RELATIONSHIPS slide which symbol denotes composition,The descriptions do not mention a REVIEW OF UML RELATIONSHIPS slide or symbols for composition.,Filled black diamond,0,0,0
On the REVIEW OF UML RELATIONSHIPS slide which symbol denotes aggregation,The video descriptions do not mention a REVIEW OF UML RELATIONSHIPS slide or symbols for aggregation.,Hollow diamond,0,0,0
On the REVIEW OF UML RELATIONSHIPS slide which symbol denotes generalization or inheritance,The descriptions do not provide information about a UML relationships slide or symbols for generalization.,Hollow triangle arrowhead,0,0,0
On the REVIEW OF UML RELATIONSHIPS slide which symbol denotes realization of an interface,The textual frame descriptions do not mention a REVIEW OF UML RELATIONSHIPS slide or symbols denoting realization of an interface.,Dashed line with hollow triangle arrowhead,0,0,0
On the REVIEW OF UML RELATIONSHIPS slide what multiplicity is shown near Engine in the BoatÐEngine example,The provided frame descriptions do not include any mention of a UML relationships slide or a Boat–Engine example.,0..1,0,0,0
On the REVIEW OF UML RELATIONSHIPS slide what multiplicity is shown between Library and Books,Not mentioned,1..*,0,0,0
On the EVENTS IN UML slide name the two classifications that separate event sources,Synchronous and asynchronous communication.,External and internal,0,0,0
On the EVENTS IN UML slide list the two message based kinds of events,The slide content is not explicitly described in the provided frames.,Signals and calls,0,0,0
In the order processing activity diagram what guarded label routes from the first decision to Fill Order,The guarded label is not explicitly mentioned in the provided descriptions.,order accepted,0,0,0
In the order processing activity diagram what guarded label skips to the merge on the right,The guarded label is not explicitly mentioned in the provided frames.,order rejected,0,0,0
In the order processing activity diagram name one action on the upper branch after the fork,Add branches conditional one.,Send Invoice,0,0,0
In the order processing activity diagram name the data object passed from Send Invoice to Accept Payment,The data object is not explicitly mentioned in the provided frames.,Invoice,0,0,0
In the Online Shopping mini example what shape represents the initial node,The initial node is represented by a filled circle.,Filled black circle,1,1,1
In the Online Shopping mini example what shape represents the final node,The descriptions do not mention the Online Shopping mini example or the final node shape.,Bullseye with outer ring,0,0,0
In the Authenticate User example where are activity parameters displayed relative to the activity frame,Activity parameters are not explicitly mentioned in the provided frames.,On the border and listed below the name,0,0,0
In the Authenticate User example give one parameter name shown on the border,Authenticate User,Login Id,0,0,0
In the decision and merge example what notation shape do both nodes share,The example does not specify the notation shape.,Diamond,0,0,0
In the fork and join example what two labels are hand written under the bars,The descriptions do not mention any fork and join example or handwritten labels.,fork and join,0,0,0
In the conditional thread example what guard enables the rightmost branch,No visible evidence provided.,frequent flyer member,0,0,0
In the events slide what term is used for an object sent asynchronously between objects,asynchronous,Signal,0,0,0
When time passes what is the UML term for that kind of event,time event,Passage of time,0,0,0
At 175Ð176s what main slide topic is shown,"We talked about requirements, analysis and domain modeling and domain analysis.",Software Modeling,0,0,0
At 335Ð336s what red title appears above the gallery of relationships,The provided frame descriptions do not include any mention of a red title or a gallery of relationships.,REVIEW OF UML RELATIONSHIPS,0,0,0
At 544Ð547s what red title introduces signals and calls,No red title is mentioned in the provided descriptions.,EVENTS IN UML,0,0,0
At 1153Ð1233s what is the big slide header defining the diagram type being discussed,He diagrams,UML Activity Diagrams,0,0,0
At 1233Ð1246s what is the label inside the rounded activity boundary of the example diagram,activity diagrams,Process Order,0,0,0
At 1533Ð1877s which call action name is shown in the left flow before the final node,Not explicitly mentioned.,Confirm Order,0,0,0
At 2388Ð2516s what is the slide title explaining parallelization bars,The slide title is not explicitly mentioned in the provided frame descriptions.,FORK AND JOIN NODES,0,0,0
At 2667Ð2742s which type of final node stops all flows in the activity,Activity final node.,Activity final node,1,1,1
At 2998Ð3016s what is the title inside the activity frame showing the ticket workflow,The title inside the activity frame showing the ticket workflow is not explicitly mentioned in the provided frame descriptions.,Resolve Issue,0,0,0
At 3019Ð3135s what red title appears next to the two hand drawn labels step and activity,The red title is not mentioned in the provided frame descriptions.,ACTIVITY,0,0,0
At 3136Ð3199s how many swimlanes are shown in the object flow partition example,Not mentioned,Three,0,0,0
At 3199Ð3326s what role name labels the rightmost swimlane,The descriptions do not provide information about swimlane labels.,Warehouse,0,0,0
At 3536Ð3555s what state does the bill object have after payment,The state of the bill object after payment is not explicitly described.,paid,0,0,0
At 3794Ð3796s what slide topic introduces a dashed region around actions,Activity diagrams,INTERRUPTIBLE ACTIVITY REGION,0,0,0
At 3902Ð3909s which two interrupts can break the Enter Pin step in the ATM example,Card removal and timeout,Cancel Button and 45sec timeout,1,1,1
What does an activity final node do,It marks the end of all flows in an activity diagram.,Stops all flows in the activity,1,1,1
What does a flow final node do,No visible evidence provided.,Terminates a single flow,0,0,0
What do fork and join bars indicate in an activity diagram,Fork and join bars indicate synchronization of parallel activities.,Start and synchronization of concurrent threads,1,0,1
What does a merge node do after mutually exclusive branches,A merge node combines mutually exclusive branches into a single flow.,Recombines mutually exclusive branches,1,1,1
What UML symbol denotes the start of control flow,Initial node,Filled black circle,0,0,0
What UML symbol denotes the end of control flow for the whole activity,Activity Final Node,Bullseye double circle,0,0,0
What shape is used for decision and merge nodes,Diamond shape,Diamond,1,1,1
What shape is used for actions,Not visible in the textual descriptions.,Rounded rectangle,0,0,0
In an activity diagram what encloses parameters and actions for a named activity,Activity frame.,A rounded rectangle labeled with the activity name,0,0,0
In the Authenticate User example which two inputs feed the first action,The system and the use case or function of the system.,Login Id and Password,0,0,0
In the order process who receives the filled order before paying the bill,The corresponding actor receives the filled order.,Customer,0,0,0
In the order process which action generates the unpaid bill,The action of sequencing all the steps of the main sequence and adding branches under corresponding actors generates the unpaid bill.,Bill customer,0,0,0
In the order process which action updates the bill to paid,The video descriptions do not provide specific details about an order process or actions related to updating a bill to paid.,Pay bill,0,0,0
In the order process which two flows must converge before Close Order,Main sequence and conditional branches.,Receive order and Bill paid,0,0,0
In the customerÐstore signal example which lane receives the Order signal,The textual descriptions provided do not mention a customer-store signal example or an Order signal.,Online Book Store,0,0,0
In the customerÐstore signal example what periodic trigger icon fires Every hour,The video descriptions do not mention a customer-store signal example or a periodic trigger icon.,Hourglass,0,0,0
In the ATM example what happens if the user presses the cancel button while entering the PIN,The video descriptions do not mention an ATM example or the cancel button behavior.,Confirm Cancel,0,0,0
In the ATM example what happens if 45 seconds elapse while entering the PIN,The provided frame descriptions do not mention an ATM example or what happens if 45 seconds elapse while entering the PIN.,Display Timeout Elapsed,0,0,0
What is the key difference between synchronous and asynchronous communication in the lecture,"The key difference is whether the data is communicated synchronously or asynchronously, depending on the context.",Synchronous waits for a response while asynchronous does not,1,0,0
What are the two main things the lecturer says we care most about for behavior and concurrency,Synchronous and asynchronous communication.,Capturing behavior and concurrency,0,0,0
What do structural models describe about things according to the lecture,ERROR,Static structure of things and how they are related,0,0,0
What must be true before the outflow of a join can proceed,All incoming flows to the join must be completed.,All incoming branches must complete,1,1,1
Which four kinds of events are listed on the EVENTS IN UML slide,The four kinds of events are not explicitly listed in the provided frame descriptions.,Signals calls passage of time change in state,0,0,0
Which two categories classify events as external or internal on the EVENTS IN UML slide,External and Internal events.,External events and internal events,1,1,1
What is the purpose of a partition or swimlane in an activity diagram,To group actions under corresponding actors or entities.,To group actions by actor or responsibility,1,1,1
How are object states shown next to an object name in an object node,Object states are shown next to an object name in an object node using visible evidence.,In square brackets after the object name,0,0,0
Which slide advises to add object flows when a workflow triggers significant object behavior,This specific advice is not mentioned in the provided frames.,HOW TO CONSTRUCT ACTIVITY DIAGRAMS,0,0,0
Which step comes immediately after Receive Order in the order process upper branch,Specify use case scenarios.,Check PIN,0,0,0
Which two activities run in parallel after Fill Order in the order process,The descriptions do not provide information about the order process or activities running in parallel.,Send Invoice and Ship Order,0,0,0
